{
  "project_info": {
    "project_number": "775479161479",
    "firebase_url": "https://smartlock-7c3d4-default-rtdb.firebaseio.com",
    "project_id": "smartlock-7c3d4",
    "storage_bucket": "smartlock-7c3d4.appspot.com"
  },
  "client": [
    {
      "client_info": {
        "mobilesdk_app_id": "1:775479161479:android:990821ae6f8fbe06aefe22",
        "android_client_info": {
          "package_name": "com.example.finalproject"
        }
      },
      "oauth_client": [],
      "api_key": [
        {
          "current_key": "AIzaSyDnpf4BnSLJf_Iqs9hawkCw-4qZa2vtaF0"
        }
      ],
      "services": {
        "appinvite_service": {
          "other_platform_oauth_client": []
        }
      }
    }
  ],
  "configuration_version": "1"
}